<?xml version="1.0" encoding="UTF-8"?>
<clients>
    <client id="1">
        <firstName>Alexandru</firstName>
        <lastName>Balea</lastName>
        <age>20</age>
    </client>
    <client id="2">
        <firstName>Alexandra</firstName>
        <lastName>Ardelian</lastName>
        <age>20</age>
    </client>
    <client id="3">
        <firstName>Catalin</firstName>
        <lastName>Belcianu</lastName>
        <age>20</age>
    </client>
    <client id="4">
        <firstName>Cristina</firstName>
        <lastName>Braga</lastName>
        <age>20</age>
    </client>
    <client id="5">
        <firstName>Diana</firstName>
        <lastName>Achim</lastName>
        <age>20</age>
    </client>
</clients>