<?xml version="1.0" encoding="UTF-8"?>
<rentals>
    <rental id="1">
        <clientId>1</clientId>
        <movieId>1</movieId>
        <rentalDate>19/03/2019</rentalDate>
        <returnDate>26/03/2019</returnDate>
    </rental>
    <rental id="2">
        <clientId>2</clientId>
        <movieId>2</movieId>
        <rentalDate>19/03/2019</rentalDate>
        <returnDate>26/03/2019</returnDate>
    </rental>
    <rental id="3">
        <clientId>3</clientId>
        <movieId>3</movieId>
        <rentalDate>19/03/2019</rentalDate>
        <returnDate>26/03/2019</returnDate>
    </rental>
</rentals>